우삼겹된장찌개정식,229
푹고운닭곰탕,129
미나리무생채,29
양념어묵,40
단호박크림떡볶이,280
치킨텐더로제파스타,225
알감자꽈리조림,109
김가루무침,10
요구르트,45
쥐어채조림,50
참치김치찌개,104
치킨커틀렛,250
참나물들깨소스무침,26
연두부,45
상추,1
샐러드,184
오이소박이,27
메밀국수무침,113
오이풋고추양파,24
소세지야채볶음,151
북성로불고기,211
케첩,15
케찹,15
추억의도시락,646
비지찌개,121
두부무조림,188
등뼈감자탕,151
브로컬리두부무침,95
얼큰꽃도리탕,230
양파장아찌,18
콩나물파채,38
포기김치,18
연근땅콩조림,48
들깨무채국,48
후식,5
게맛살튀김,106
깍두기,16
눈깜짝순삭딸기라떼,135
파인애플볶음밥,333
양념장,140
잡곡밥,340
머스타드,300
사천짜장소스,95
감자옹심이국,258
가지양념무침,45
식혜,48
고구마치즈돈까스,688
탕수S,591
제육두루치기,436
춘장돈육볶음,572
짜사이채무침,35
매콤순대볶음,240
유자치커리무침,23
냄비우동,510
즉석치즈떡라면,604
돌나물미나리무생채,80
속시원왕창짬뽕밥,482
감귤,37
철판가득숙성김치제육덮밥,779
깔끔아침햇살한잔,205
동파육한접시,926
대구지리,122
매생이굴국,59
탄두리카레라이스,544
수제비트무피클,12
치킨너겟,48
보쌈정식,581
케이준치킨샐러드,380
돈나물유자무침,11
베테랑칼국수,420
동초겉절이,37
배추김치,8
두부된장국,144
닭개장,285
순대야채볶음,240
포도쥬스,154
두부양념구이,118
콩나물불고기,452
약고추장,255
철판김치두루치기,436
시금치나물,57
청포묵김가루무침,46
쌀국수,320
미소장국,84
계란파국,20
생김,9
소고기육개장,110
단무지,5
보리차,15
충무식오징어어묵무침,106
야끼만두,96
취나물밥,350
[비벼먹는 참치찌개],120
바싹불고기,345
참나물무생채,26
지코바치밥,320
시원바지락즉석손수제비,371
비빔야채,270
닭떡볶이,445
돼지찌개,123
뚝쇠고기떡만둣국,442
어묵야채볶음,137
옥수수수염차,0
삽겹살구이,699
미니해물까스,315
뚝배기왕창돼지찌개,123
백종원한그릇쫄면,211
아이스코코아,312
옛날땅콩샐러드,128
꽃맛살샐러드,170
육회비빔밥,531
김가루,10
북성로뚝배기우동,361
가지꽈리고추찜,114
들기름양념장,40
고구마떡맛탕,377
전주식콩나물해장국,41
머스타드S,5
두부쑥갓무침,95
생깻잎지,24
양념깻잎지,24
얇게썬단무지,5
사과쥬스,117
철판모짜렐라김치뽀끔밥,446
큰다리오븐구이,234
차돌짬뽕,881
우동국물,79
돈까스김치나베,700
도톰동그랑땡전,60
향야채겉절이,37
사골설렁탕,424
쌈장,40
오낙볶음,249
배추쌈,9
단무지무침,25
미트볼토마토조림,81
사색나물비빔밥,373
구운손만두,210
매콤제육볶음,375
백종원옥수수전,98
당면,350
김치짜글이,143
추가밥,122
홍초불닭,361
얼큰콩나물국,41
모듬콩자반,95
유부주머니국,184
소고기미역국,290
돈나물초장무침,11
그린샐러드,36
칠리소스,20
타르타르D,516
김치유부국,184
알감자고추장조림,109
땅콩조림,152
온두부,99
따뜻한그린티,2
호박버섯볶음,90
묵은지돈육찜,191
모듬장조림,133
시금치무침,54
쟁반짜장,494
모듬겉절이,37
삼겹철판구이덮밥,699
멘치까스오므라이스,380
우불볶음우동,340
핫초코,290
우엉채들깨소스무침,85
돈큐브스테이크덮밥,410
복분자쥬스,53
토마토스파게티,250
해물콩나물찜,41
소면사리,246
꿀탕수육,591
파채미니돈까스,180
참기름김치,30
체다치즈떡볶이,200
동초생채,80
총각김치,11
건새우아욱국,55
소시지야채볶음,151
건파래볶음,19
들깨무나물,30
안동찜닭,385
검정콩조림,75
호박볶음,90
참나물겉절이,26
닭곰탕,129
상추겉절이,33
얼큰소고기버섯전골,381
불닭오므라이스,380
얼큰수제비국,470
검정콩자반,95
율무차,85
느타리버섯야채볶음,49
철판모짜렐라김치볶음밥,446
당면사리,246
볼어묵볶음,137
얼큰홍합탕,210
한방뚝배기돼지등뼈찜,208
파송송달걀국,73
시래기닭볶음,230
들깨미역국,96
근대된장국,47
치킨까스난반,569
상추쌈,8
라면사리,480
데미S,15
야채고로케,155
맛쵸킹탕수육,591
치킨가라아게커리,160
꼬시래기양파무침,35
야채스틱,425
청파래오징어까스,100
고춧잎지,15
짬뽕수제비국,155
달걀말이,238
시락된장국,65
닭가슴살카레라이스,105
부대찌개,626
군만두,77
음료,65
컵라면,300
계란순두부국,55
햄섞어찌개,310
뚝배기얼큰쇠고기육개장,110
새우젓호박볶음,90
오징어야채핫바,80
도토리묵야채무침,90
초간장,30
김가루밥,10
감자채맛살볶음,70,
동태알탕,158,
돈육고추장찌개,411
시래기된장국,65
불닭볶음밥,405
춘권튀김,74
뚝전주식오징어콩나물국밥,445
뚝배기김치나베우동,481
유자차,65
도시락김,30
오징어순대,291
볶음간짜장면,580
핫도그,242
누룽지탕,239
모듬견과류조림,86
백미밥,300
포기김치,18
메밀전병,305
생선까스,527
양상추샐러드,68
에그드랍샌드위치,398
열무겉절이,183
바싹김치전,153
백종원우유카레,434
단호박숯불바베큐바조림,370
계란볶음밥,493
감자고로케,210
모듬어묵야채조림,186
소금구이덮밥,598
뼈없는감자탕,151
매콤오징어낙지볶음,188
동그랑땡조림,30
고구마버터구이,193
알감자양념조림,109
망고쥬스,61
카레라이스,544
콩나물아귀해물찜,516
더덕무침,71
쫄면,211
사골떡국,101
짜장떡볶이,572
흑임자연근무침,48
깨간장,30
돈육모듬장조림,133
밀감샐러드,185
김가루파무침,10
콩나물무침,38
숯불제육볶음,362
유채무침,30
생강대추차,60
버섯우불고기,404
미니탕수육,224
참나물도토리묵무침,90
굴소스볶음우동,630
수제치킨커틀렛,335
봄동겉절이,37
오이양파무침,45
유부장국,184
새송이버섯볶음,49
수제치즈함박스테이크,225
니모어묵국,121
포차미니우동,361
모듬소세지구이,125
고구마견과류조림,86
차돌짬뽕국,881
순대국밥,360
달걀프라이,89
해쉬포테이토,371